"Name","Source","Page","Rarity","Type","Attunement","Damage","Properties","Mastery","Weight","Value","Text"
"Abacus","PHB'14","150","none","adventuring gear","","","","","2 lb.","2 gp",""
"Acid","PHB'24","222","none","adventuring gear","","","","","1 lb.","25 gp","When you take the Attack action, you can replace one of your attacks with throwing a vial of Acid. Target one creature or object you can see within 20 feet of yourself. The target must succeed on a Dexterity saving throw (DC 8 plus your Dexterity modifier and Proficiency Bonus) or take 2d6 Acid damage."
"Aerenal Trinket","ERLW","134","none","adventuring gear","","","","","","","Trinkets from Aerenald8Trinket1A bronzewood ring inscribed with the Elvish word for ""hope""2A dried flower; if it's placed in water, it blooms3An ebony locket; when it's opened, an elven voice whispers ""Always""4A tiny skull carved from dark wood5A finger bone inscribed with an unknown sigil6An ivory flute which produces no sound7A small journal made from preserved leaves8A book of poetry written by undead elves"
"Alchemist's Doom","SCC","179","unknown","adventuring gear","","","","","1 lb.","","This sticky, adhesive fluid ignites when exposed to air. As an action, you can throw this flask up to 20 feet, shattering it on impact. Make a ranged attack against a creature or object, treating the alchemist's doom as an improvised weapon. On a hit, the target takes 7 (2d6) fire damage at the start of each of its turns. A creature can end this damage by using its action to make a DC 10 Dexterity check to extinguish the flames."
"Alchemist's Fire","PHB'24","222","none","adventuring gear","","","","","1 lb.","50 gp","When you take the Attack action, you can replace one of your attacks with throwing a flask of Alchemist's Fire. Target one creature or object you can see within 20 feet of yourself. The target must succeed on a Dexterity saving throw (DC 8 plus your Dexterity modifier and Proficiency Bonus) or take 1d4 Fire damage and start burning."
"Antigravity Belt","QftIS","192","none","adventuring gear","","","","","","","Metal tubes ring the lower edge of this wide belt. It is powered by an energy cell stored in a metal case near the buckle. Placing a full energy cell in the belt gives the belt 10 charges. Activating the Belt. As a bonus action, you can expend any number of the belt's charges to activate it; the belt remains active for 1 minute per charge expended. You can use a bonus action to deactivate the belt early, but doing so doesn't recover any expended charges.When you activate the belt, and as a bonus action while it remains active, you can rise or descend vertically up to 20 feet. You remain floating in place while the property is active, and you can move yourself horizontally by being pushed or towed or by scooting yourself along a surface, such as a wall or ceiling, at half your walking speed. If you are still levitating when the belt deactivates, you fall. Replacing the Energy Cell. While the belt has charges remaining, its energy cell can't be removed. Once the belt has 0 charges, you can replace the energy cell with a new cell by using an action or a bonus action."
"Antitoxin","PHB'24","222","none","adventuring gear","","","","","","50 gp","As a Bonus Action, you can drink a vial of Antitoxin to gain Advantage on saving throws to avoid or end the Poisoned condition for 1 hour."
"Argonnessen Trinket","ERLW","134","none","adventuring gear","","","","","","","Trinkets from Argonnessend10Trinket1A pierced dragon scale on a cord2A statuette of a dragon carved from black bone3A dragon's tooth, engraved with an unknown sigil4A child's doll of a dragon, woven from leather cords5A dagger carved from a dragon's talon6A brass disk bearing the silhouette of a black dragon7A small egg-shaped piece of polished bone8A bone fragment with brass inlaid runes9A leather pouch filled with tiny draconic teeth10A single large seed that's warm to the touch"
"Assassin's Blood","DMG'24","90","none","adventuring gear, poison (ingested)","","","","","","150 gp","A creature subjected to Assassin's Blood makes a DC 10 Constitution saving throw. On a failed save, the creature takes 6 (1d12) Poison damage and has the Poisoned condition for 24 hours. On a successful save, the creature takes half as much damage only."
"Backpack","PHB'24","224","none","adventuring gear","","","","","5 lb.","2 gp","A Backpack holds up to 30 pounds within 1 cubic foot. It can also serve as a saddlebag."
"Ball Bearing","PHB'14","151","none","adventuring gear","","","","","0.032 oz.","0.1 cp","Most commonly found inside a bag of ball bearings."
"Ball Bearings","PHB'24","224","none","adventuring gear","","","","","2 lb.","1 gp","As a Utilize action, you can spill Ball Bearings from their pouch. They spread to cover a level, 10-foot-square area within 10 feet of yourself. A creature that enters this area for the first time on a turn must succeed on a DC 10 Dexterity saving throw or have the Prone condition. It takes 10 minutes to recover the Ball Bearings."
"Barrel","PHB'24","224","none","adventuring gear","","","","","70 lb.","2 gp","A Barrel holds up to 40 gallons of liquid or up to 4 cubic feet of dry goods."
"Basic Fishing Equipment","AAG","21","none","adventuring gear","","","","","","1 sp","Basic Fishing Equipment includes a pole, a line, a hook, and either a lure or some bait.Fishing is a popular pastime in Wildspace and the Astral Sea, though this activity isn't possible aboard a ship that is moving faster than its flying speed. At the end of each hour spent fishing, a character can make a DC 15 Wisdom (Survival) check. A failed check indicates no fish is caught during that hour. On a successful check, roll a d10 and consult the Fishing table to determine the catch.d10Catch1-2Tiny, inedible fish (a creature that consumes it is poisoned for 1 hour)3-5Tiny, edible fish (feeds one person)6-8Small, edible fish (feeds up to four people)9Hostile space eel (see Boo's Astral Menagerie; feeds up to twelve people)10Hostile gray scavver (see Boo's Astral Menagerie; feeds up to twenty people), some other creature of the DM's choosing, or an Tiny object of the DM's choosing"
"Basic Poison","PHB'24","227","none","adventuring gear, poison","","","","","","100 gp","As a Bonus Action, you can use a vial of Basic Poison to coat one weapon or up to three pieces of ammunition. A creature that takes Piercing or Slashing damage from the poisoned weapon or ammunition takes an extra 1d4 Poison damage. Once applied, the poison retains potency for 1 minute or until its damage is dealt, whichever comes first."
"Basket","PHB'24","224","none","adventuring gear","","","","","2 lb.","4 sp","A Basket holds up to 40 pounds within 2 cubic feet."
"Bedroll","PHB'24","224","none","adventuring gear","","","","","7 lb.","1 gp","A Bedroll sleeps one Small or Medium creature. While in a Bedroll, you automatically succeed on saving throws against extreme cold (see the Dungeon Master's Guide)."
"Bell","PHB'24","224","none","adventuring gear","","","","","","1 gp","When rung as a Utilize action, a Bell produces a sound that can be heard up to 60 feet away."
"Biza's Breath","JttRC","70","none","adventuring gear, poison (inhaled)","","","","","","","A creature subjected to this poison must succeed on a DC 16 Constitution saving throw or become poisoned for 1 minute. The poisoned creature must use its action to make a melee attack against a randomly determined creature within its reach. If there is no other creature within its reach, the poisoned creature does nothing on its turn. The creature can repeat the saving throw at the end of each of its turns, ending the effect on itself on a success."
"Black Ghost Orchid Seed","JttRC","212","none","adventuring gear","","","","","","","Every few years, a ghost orchid colony grows a black pod as thick as a human fist that holds three soft, black seeds. A creature that consumes one of these black seeds is affected by the spell feign death. If the creature is unaware of the pod's effects or does not wish to be affected, it can resist the effect by succeeding on a DC 16 Constitution saving throw. Otherwise, it is considered to be a willing recipient of the spell."
"Blanket","PHB'24","224","none","adventuring gear","","","","","3 lb.","5 sp","While wrapped in a blanket, you have Advantage on saving throws against extreme cold (see the Dungeon Master's Guide)."
"Block and Tackle","PHB'24","224","none","adventuring gear","","","","","5 lb.","1 gp","A Block and Tackle allows you to hoist up to four times the weight you can normally lift."
"Book","PHB'24","224","none","adventuring gear","","","","","5 lb.","25 gp","A Book contains fiction or nonfiction. If you consult an accurate nonfiction Book about its topic, you gain a +5 bonus to Intelligence (Arcana, History, Nature, or Religion) checks you make about that topic."
"Bucket","PHB'24","224","none","adventuring gear","","","","","2 lb.","5 cp","A Bucket holds up to half a cubic foot of contents."
"Bullseye Lantern","PHB'24","226","none","adventuring gear","","","","","2 lb.","10 gp","A Bullseye Lantern burns Oil as fuel to cast Bright Light in a 60-foot Cone and Dim Light for an additional 60 feet."
"Burglar's Pack","PHB'24","224","none","adventuring gear","","","","","47½ lb.","16 gp","A Burglar's Pack contains the following items: Backpack, Ball Bearings, Bell, 10 Candles, Crowbar, Hooded Lantern, 7 flasks of Oil, 5 days of Rations, Rope, Tinderbox, and Waterskin."
"Burnt Othur Fumes","DMG'24","90","none","adventuring gear, poison (inhaled)","","","","","","500 gp","A creature subjected to Burnt Othur Fumes must succeed on a DC 13 Constitution saving throw or take 10 (3d6) Poison damage, and it must repeat the save at the start of each of its turns. On each successive failed save, the creature takes 3 (1d6) Poison damage. After three successful saves, the poison ends."
"Caltrop","PHB'14","151","none","adventuring gear","","","","","1.6 oz.","5 cp","As an action, you can spread a single bag of caltrops to cover a 5-foot-square area. Any creature that enters the area must succeed on a DC 15 Dexterity saving throw or stop moving and take 1 piercing damage. Until the creature regains at least 1 hit point, its walking speed is reduced by 10 feet. A creature moving through the area at half speed doesn't need to make the saving throw."
"Caltrops","PHB'24","224","none","adventuring gear","","","","","2 lb.","1 gp","As a Utilize action, you can spread Caltrops from their bag to cover a 5-foot-square area within 5 feet of yourself. A creature that enters this area for the first time on a turn must succeed on a DC 15 Dexterity saving throw or take 1 Piercing damage and have its Speed reduced to 0 until the start of its next turn. It takes 10 minutes to recover the Caltrops."
"Candle","PHB'24","224","none","adventuring gear","","","","","","1 cp","For 1 hour, a lit Candle sheds Bright Light in a 5-foot radius and Dim Light for an additional 5 feet."
"Carrion Crawler Mucus","DMG'24","90","none","adventuring gear, poison (contact)","","","","","","200 gp","A creature subjected to Carrion Crawler Mucus must succeed on a DC 13 Constitution saving throw or have the Poisoned condition for 1 minute. The creature also has the Paralyzed condition while Poisoned in this way. The creature repeats the save at the end of each of its turns, ending the effect on itself on a success."
"Catapult Munition","SCC","174","unknown","adventuring gear","","","","","","","A catapult munition roughly the size and weight of a cannonball.The munition can be thrown up to 30 feet and explodes on impact. Any creature within a 15-foot-radius sphere centered on the point of impact must make a DC 14 Dexterity saving throw, taking 35 (10d6) fire damage on a failed save, or half as much damage on a successful one. In addition, each object in that area that isn't being worn or carried takes 35 (10d6) fire damage."
"Chain","PHB'24","224","none","adventuring gear","","","","","10 lb.","5 gp","As a Utilize action, you can wrap a Chain around an unwilling creature within 5 feet of yourself that has the Grappled, Incapacitated, or Restrained condition if you succeed on a DC 13 Strength (Athletics) check. If the creature's legs are bound, the creature has the Restrained condition until it escapes. Escaping the Chain requires the creature to make a successful DC 18 Dexterity (Acrobatics) check as an action. Bursting the Chain requires a successful DC 20 Strength (Athletics) check as an action."
"Chalk (1 piece)","PHB'14","150","none","adventuring gear","","","","","","1 cp",""
"Chest","PHB'24","225","none","adventuring gear","","","","","25 lb.","5 gp","A Chest holds up to 12 cubic feet of contents."
"Climber's Kit","PHB'24","225","none","adventuring gear","","","","","12 lb.","25 gp","A Climber's Kit includes boot tips, gloves, pitons, and a harness. As a Utilize action, you can use the Climber's Kit to anchor yourself; when you do, you can't fall more than 25 feet from the anchor point, and you can't move more than 25 feet from there without undoing the anchor as a Bonus Action."
"Clothing, cold weather","IDRotF","20","none","adventuring gear","","","","","5 lb.","10 gp","This outfit consists of a heavy fur coat or cloak over layers of wool clothing, as well as a fur-lined hat or hood, goggles, and fur-lined leather boots and gloves.As long as cold weather clothing remains dry, its wearer automatically succeeds on saving throws against the effects of extreme cold."
"Common Clothes","PHB'14","150","none","adventuring gear","","","","","3 lb.","5 sp",""
"Component Pouch","PHB'24","225","none","adventuring gear","","","","","2 lb.","25 gp","A Component Pouch is watertight and filled with compartments that hold all the free Material components of your spells."
"Costume","PHB'24","225","none","adventuring gear","","","","","4 lb.","5 gp","While wearing a Costume, you have Advantage on any ability check you make to impersonate the person or type of person it represents."
"Crampons","IDRotF","20","none","adventuring gear","","","","","¼ lb.","2 gp","A crampon is a metal plate with spikes that is strapped to the sole of a boot. A creature wearing crampons can't fall prone while moving across slippery ice."
"Crossbow Bolt Case","PHB'24","224","none","adventuring gear","","","","","1 lb.","1 gp","A Crossbow Bolt Case holds up to 20 Bolts."
"Crowbar","PHB'24","225","none","adventuring gear","","","","","5 lb.","2 gp","Using a Crowbar gives you Advantage on Strength checks where the Crowbar's leverage can be applied."
"Diplomat's Pack","PHB'24","225","none","adventuring gear","","","","","39 lb.","39 gp","A Diplomat's Pack contains the following items: Chest, Fine Clothes, Ink, 5 Ink Pens, Lamp, 2 Map or Scroll Cases, 4 flasks of Oil, 5 sheets of Paper, 5 sheets of Parchment, Perfume, and Tinderbox."
"Dungeoneer's Pack","PHB'24","225","none","adventuring gear","","","","","55 lb.","12 gp","A Dungeoneer's Pack contains the following items: Backpack, Caltrops, Crowbar, 2 flasks of Oil, 10 days of Rations, Rope, Tinderbox, 10 Torches, and Waterskin."
"Elven Trinket","MTF","64","none","adventuring gear","","","","","","","d8Trinket1A small notebook that causes anything written in it to disappear after 1 hour2A crystal lens made of ivory and gold that causes anything observed through it to appear to be surrounded by motes of multicolored light3A small golden pyramid inscribed with elven symbols and about the size of a walnut4A cloak pin made from enamel in the shape of a butterfly; when you take the pin off, it turns into a real butterfly, and returns when you are ready to put your cloak back on again5A golden compass that points toward the nearest portal to the Feywild within 10 miles6A small silver spinning top that, when spun, endlessly spins until interrupted7A small songbird made of enamel, gold wire, and precious stone; uttering the songbird's name in Elvish causes the trinket to emit that bird's birdsong8A small enamel flower that, when put in one's hair, animates, tying back the wearer's hair with a living vine with flowers; plucking a single flower from this vine returns it to its inanimate form"
"Entertainer's Pack","PHB'24","225","none","adventuring gear","","","","","58½ lb.","40 gp","An Entertainer's Pack contains the following items: Backpack, Bedroll, Bell, Bullseye Lantern, 3 Costumes, Mirror, 8 flasks of Oil, 9 days of Rations, Tinderbox, and Waterskin."
"Essence of Ether","DMG'24","90","none","adventuring gear, poison (inhaled)","","","","","","300 gp","A creature subjected to Essence of Ether must succeed on a DC 15 Constitution saving throw or have the Poisoned condition for 8 hours. The creature also has the Unconscious condition while Poisoned in this way. The creature wakes up if it takes damage or if another creature takes an action to shake it awake."
"Explorer's Pack","PHB'24","225","none","adventuring gear","","","","","55 lb.","10 gp","An Explorer's Pack contains the following items: Backpack, Bedroll, 2 flasks of Oil, 10 days of Rations, Rope, Tinderbox, 10 Torches, and Waterskin."
"Fargab","DSotDQ","188","none","adventuring gear","","","","","","","These backpack-sized devices are created in pairs, with matching numbers engraved on them, and allow communication over a long distance using radio frequencies. While wearing a fargab, you can use an action to speak into the device's mouthpiece and send a short message of twenty-five words or less to another creature wearing the matched fargab while it is within 18 miles of you. The message emits from the speakers of the device and can be heard up to 10 feet away from the device. If no creature is wearing the fargab, the speakers make static noises instead."
"Feywild Trinket","WBtW","7","none","adventuring gear","","","","","","","The Feywild Trinkets table that follows offers a selection of trinkets appropriate for Feywild-themed adventures such as this one. Players whose characters have the feylost or Witchlight hand background can roll on this table instead of the Trinkets table in the Player's Handbook to determine what trinkets their characters possess. The adventure includes a few encounters that require you to roll on the table to determine what random trinkets the characters find in key locations.Feywild Trinketsd100Trinket01Cookie cutter shaped like a unicorn02Two yew rings linked together03Silver hand mirror with a nymph-shaped handle04Painted wooden key whose teeth change configuration every day at dawn05Delicate silver cameo with pictures of twin children opposite one another06Golden pendant charm shaped like a leprechaun07Tiny wooden box containing a croquet set sized for pixies or sprites08Tiny pair of sharp, iron scissors09Chess piece shaped like a dancing satyr wearing a bishop's hat and clutching a gnarled staff10Saltshaker shaped like a wizard's tower11Crystal orb that allows an elf who holds it to sleep12Pendant that shows the phases of the moon13Large iron fingernail14Tiny electrum whistle that only Fey can hear15Wooden jigsaw puzzle piece as big as a saucer, with a painted image of a jug on it16Spool of glistening silver thread17Sheet of music that goblins find upsetting when they hear it played or sung18Rotten ogre's tooth with the Elvish glyph for ""moon"" etched into it19Vitrified eye of a displacer beast20Tiny duskwood coffin containing the ashes of a troll21Old invitation to a banquet in the Summer Court, written in ink on vellum in Sylvan22Gossamer shawl that glows faintly in moonlight23Ball-and-cup toy that plays a short, victorious jingle whenever the ball lands in the cup24Sprite's skull covered in ink fingerprints25Silver fork with the outer tines bent sideways26A soot-stained sock in which a nugget of coal magically appears each day at dawn27Tiny wooden stool (sized for a pixie or sprite) that gives splinters to those who hold it28Tiny clockwork dragonfly that slowly beats its wings (but can't fly) when wound up29Toy unicorn made of wood, painted with bright colors30Pixie plushie that sings when you squeeze it311-inch-square painting of a sleeping elf32Thimble that helps you daydream when worn33Pumpkin cupcake that magically regenerates itself in its paper cup each day at dawn34Fake Three-Dragon Ante card depicting a faerie dragon35Teacup made from a varnished mushroom cap that magically keeps its liquid contents lukewarm36Rock that floats and is small enough to hide in your closed fist37Tiny bottle filled with rainwater collected from the Feywild38Opalescent conch shell that laughs when you hold it to your ear39Vial of viscous liquid labeled ""Fomorian spit. Do not drink!""40Wax candle that roars and crackles like a bonfire while lit41Potted daffodil that sways when near a source of music428-ounce, glass wine bottle that magically reassembles itself 1 minute after being broken43Tiny wooden sylph figurehead from a model ship44Tiny pumpkin-shaped cauldron carved out of bog oak45Bar of soap that smells like something memorable from your childhood46Piece of orange parchment folded to look like a knight astride a unicorn47Tinted glasses so dark that they can't be seen through488-inch-long glass ant figurine49Piece of parchment bearing a child's drawing of an oni50Tiny hourglass without sand in it51Empty vial with corked ends at the top and bottom52Pair of green leprechaun boots tied together by their laces53Smoking pipe made from a tree root54Red cap that droops down to one's shoulders when worn55Mask that helps you remember your dreams if you wear it while you sleep56Notebook that shows what's written on it only when held upside down57Wooden top with four sides, each bearing the image of child enjoying a different season58Tiny beehive wig made for sprites or pixies59Wooden mouse figurine that squeaks when held60Stuffed oni doll with a creepy smile and one missing eye61Empty bag labeled ""Candy""62Tinted glass monocle that makes things look green63Black executioner's hood sized for a pixie or sprite64Piano key carved from a satyr's horn65Tiny wooden lute with cat hairs for strings66Iron needle with an eye that refuses to let thread pass through it67Tiny sundial that casts a shadow only in moonlight68Wooden pan flute that attracts harmless local fauna when played69Silvered pinecone70Flask of spectral glowworms that change color to reflect the mood of the flask's holder71Wooden apple painted blue72Tuning fork that sounds the tone for the F key73Nunchaku sized for a pixie or sprite74Copper coin with a smiling satyr's face on one side and a satyr's skull on the other75Severed chicken's foot attached to a leather cord76Collection of baby teeth in a tiny wooden box77Pinwheel whirligig that spins even when there's no wind78Child's parasol covered in moss and leaves79Wooden magnifying glass missing its lens80Glossy mushroom with a red, bell-shaped cap that jingles when shook81Pouch of seeds that smell like home82Petrified robin's egg83Wooden spoon with a hole in the center84Paper wasp nest in a jar85Sprig of rosemary wrapped with ribbon at one end86Tiny, unfurnished dollhouse sized for a pixie child87Paintbrush made entirely of ceramic—even the bristles88Candlestick whose candlelight looks like a tiny, dancing fairy made of fire89Spectacle frames in the shape of butterfly wings90Set of false wooden teeth91Tiny book of fairytales92Rucksack in which one potato magically appears each day at dawn93Pixie's winter jacket lined with fox fur94Tasseled wine charm shaped like a sprite95Weak magnetic wand96100-sided die the size of a plum, cut from coal97Glass slipper, missing its mate98Tiny dreamcatcher99Barbell sized for a pixie or sprite100Music box that plays a sprightly tune you remember from your childhood"
"Fine Clothes","PHB'24","225","none","adventuring gear","","","","","6 lb.","15 gp","Fine Clothes are made of expensive fabrics and adorned with expertly crafted details. Some events and locations admit only people wearing these clothes."
"Fishing Tackle","PHB'14","151","none","adventuring gear","","","","","4 lb.","1 gp","This kit includes a wooden rod, silken line, corkwood bobbers, steel hooks, lead sinkers, velvet lures, and narrow netting."
"Flask","PHB'24","225","none","adventuring gear","","","","","1 lb.","2 cp","A Flask holds up to 1 pint."
"Frostfell and Everice Trinket","ERLW","136","none","adventuring gear","","","","","","","Trinkets from the Frostfell and Evericed8Trinket1A small prism carved from ice that doesn't melt2A rusted iron coin, depicting a dwarf lord and the worlds ""Five Rex Undra""3A pair of eight-sided dice carved from ice that doesn't melt4A swatch of silvery fur that's cold to the touch, possibly from a winter wolf5A snowball; it doesn't melt and can't be compressed into ice6A tiny white dragon sculpted from ice that doesn't melt7A key carved from ice that doesn't melt8A single scale from a white dragon"
"Gate Warden Trinket","SatO","7","none","adventuring gear","","","","","","","d6Trinket1A tiny vial pendant filled with a drop of honey that glows faintly2A small lead ingot that has a strange thumbprint pressed into it and whispers when held tightly3Two lodestone spheres that chime when they attract each other4A smoldering pebble of coal that, while always hot, doesn't burn skin, fur, scales, or clothing5A feather that sheds dim light in a 5-foot radius6A ring made from a chain link that, once donned, won't come off without pulling painfully hard"
"Giant Trinket","BGG","16","none","adventuring gear","","","","","","","While exploring your home, you discovered some trivial remnant of the ancient inhabitants, as determined by rolling on the Giant Trinkets table. The items in parentheses are the normal-sized objects most analogous to the described giant trinkets.Giant Trinketsd6Giant Trinket1A giant's toothpick (a dagger)2A giant's handkerchief (a blanket)3A giant's marble (a crystal orb)4A giant's match (a torch)5A giant's letter opener (a longsword)6A giant's thimble (an iron pot)"
"Glass Bottle","PHB'24","224","none","adventuring gear","","","","","2 lb.","2 gp","A Glass Bottle holds up to 1½ pints."
"Goose Egg Trinket","BGG","150","none","adventuring gear","","","","","","","Sometimes, an egg laid by a giant goose inexplicably contains some kind of small trinket or minor magic item. Once it lays a golden egg, a giant goose can't do so again for a year and a day.You can use the Goose Egg Trinket table to determine the contents of a golden egg. A giant goose's egg can be a great way to give characters an item that's important to the story of an adventure or your campaign.Goose Egg Trinketd12Egg Contents1The egg is empty, but the inside of the shell is inscribed with a poem or an intricate illustration.2The gold shell encloses a candy egg.3The egg holds a small toy goose that makes a loud honking noise when squeezed.4The egg contains a potion of giant strength (hill giant) with no container.5The egg holds a pearl of power.6The egg contains a brooch of shielding.7The egg contains a figurine of wondrous power (silver raven) that activates automatically as the egg is opened, releasing what appears to be a living bird.8-12The egg is empty."
"Grappling Hook","PHB'24","225","none","adventuring gear","","","","","4 lb.","2 gp","As a Utilize action, you can throw the Grappling Hook at a railing, a ledge, or another catch within 50 feet of yourself, and the hook catches on if you succeed on a DC 13 Dexterity (Acrobatics) check. If you tied a Rope to the hook, you can then climb it."
"Hammer","PHB'14","150","none","adventuring gear","","","","","3 lb.","1 gp",""
"Healer's Kit","PHB'24","225","none","adventuring gear","","","","","3 lb.","5 gp","A Healer's Kit has ten uses. As a Utilize action, you can expend one of its uses to stabilize an Unconscious creature that has 0 Hit Points without needing to make a Wisdom (Medicine) check."
"Holy Water","PHB'24","226","none","adventuring gear","","","","","1 lb.","25 gp","When you take the Attack action, you can replace one of your attacks with throwing a flask of Holy Water. Target one creature you can see within 20 feet of yourself. The target must succeed on a Dexterity saving throw (DC 8 plus your Dexterity modifier and Proficiency Bonus) or take 2d8 Radiant damage if it is a Fiend or an Undead."
"Hooded Lantern","PHB'24","226","none","adventuring gear","","","","","2 lb.","5 gp","A Hooded Lantern burns Oil as fuel to cast Bright Light in a 30-foot radius and Dim Light for an additional 30 feet. As a Bonus Action, you can lower the hood, reducing the light to Dim Light in a 5-foot radius, or raise it again."
"Horror Trinket","VRGR","36","none","adventuring gear","","","","","","","Before you finish making a character, roll once on the Horror Trinkets table for a unique object your character has with them at the start of their adventuring career. These trinkets hint toward various horrific tales and might lead to dreadful revelations or be nothing more than grim keepsakes. At the DM's discretion any of these trinkets might also be a Mist talisman (detailed in chapter 3), a focal item that can lead the bearer through the Mists to a particular Domain of Dread.Horror Trinketsd100Trinket01A picture you drew as a child of your imaginary friend02A lock that opens when blood is dripped in its keyhole03Clothes stolen from a scarecrow04A spinning top carved with four faces: happy, sad, wrathful, and dead05The necklace of a sibling who died on the day you were born06A wig from someone executed by beheading07The unopened letter to you from your dying father08A pocket watch that runs backward for an hour every midnight09A winter coat stolen from a dying soldier10A bottle of invisible ink that can only be read at sunset11A wineskin that refills when interred with a dead person for a night12A set of silverware used by a king for his last meal13A spyglass that always shows the world suffering a terrible storm14A cameo with the profile's face scratched away15A lantern with a black candle that never runs out and that burns with green flame16A teacup from a child's tea set, stained with blood17A little black book that records your dreams, and yours alone, when you sleep18A necklace formed of the interlinked holy symbols of a dozen deities19A noose that feels heavier than it should20A birdcage into which small birds fly but once inside never eat or leave21A lepidopterist's box filled with dead moths with skull-like patterns on their wings22A jar of pickled ghouls' tongues23The wooden hand of a notorious pirate24A urn with the ashes of a dead relative25A hand mirror backed with a bronze depiction of a medusa26Pallid leather gloves crafted with ivory fingernails27Dice made from the knuckles of a notorious charlatan28A ring of keys for forgotten locks29Nails from the coffin of a murderer30A key to the family crypt31A bouquet of funerary flowers that always looks and smells fresh32A switch used to discipline you as a child33A music box that plays by itself whenever someone holding it dances34A walking cane with an iron ferrule that strikes sparks on stone35A flag from a ship lost at sea36A porcelain doll's head that always seems to be looking at you37A wolf's head wrought in silver that is also a whistle38A small mirror that shows a much older version of the viewer39A small, worn book of children's nursery rhymes40A mummified raven claw41A broken pendant of a silver dragon that's always cold to the touch42A small locked box that quietly hums a lovely melody at night, but you always forget it in the morning43An inkwell that makes one a little nauseous when staring at it44An old doll made from a dark, dense wood and missing a hand and a foot45A black executioner's hood46A pouch made of flesh, with a sinew drawstring47A tiny spool of black thread that never runs out48A tiny clockwork figurine of a dancer that's missing a gear and doesn't work49A black wooden pipe that creates puffs of smoke that look like skulls50A vial of perfume, the scent of which only certain creatures can detect51A stone that emits a single endless sigh52A rag doll with two red dots on its neck53A spring-loaded toy with a missing crank54A mason jar containing a harmless but agitated, animate ooze55A black wooden die with 1's on all the faces56A child's portrait with ""born"" written on the back, along with next year's date57A dagger-sized shark tooth58A finger that's taken root in a small pot59A toolbox containing the remains of a dangerous but broken clockwork arachnid60A pitcher-sized, opalescent snail shell that occasionally, inexplicably shudders or tips over61The logbook of an ice-breaking ship called The Haifisch62A small portrait of you as a child, alongside your identically dressed twin63A silver pocket watch with thirteen hours marked on the face64A woodcut of a wolf devouring its own hind leg65A planchette etched with raven skulls66A moist coral figurine of a lamprey with arms, legs, and a bipedal stance67A bronze fingertrap sculpted with roaring tigers68A pearl necklace that turns red under the full moon69A fossil of a fish with humanoid features70A plague doctor's mask71A paper talisman with smudged ink72A locket containing the smeared image of an eyeless figure73A canopic jar with a lid sculpted like a goat74A jack-o'-lantern made from a small, pale gourd75A single high-heeled, iron shoe76A candle made from a severed hand77A clockwork device that beats like a heart78A blank masquerade mask79A glass eye with a live worm inside80A sheet with two eyeholes cut in it81The deed to someplace called Tergeron Manor82An ornate, wax-sealed crimson envelope that resists all attempts to open it83A mourning veil trimmed in black lace84A straitjacket covered in charcoal runes85A tattered, burlap mask with a crooked smile painted on it86A green ribbon designed to be worn as a choker87Dentures with mismatched, sharpened teeth88A warm, fist-sized egg case89A copper ring with ""mine"" engraved on the inside90A glass ampoule containing a neon green fluid91An eye patch embroidered with a holy symbol92A severed big toe with a nail that continues to grow93A journal that has been heavily redacted94A glove with a mouth-like design stitched on the palm95An ornate but empty reliquary made of silver and fractured glass96A ceramic figure of a cat with too many eyes97A crumpled paper ticket bearing the words ""admit none""98An electrum coin with your face on one side99A shrunken gremishka head that twitches when anyone casts magic nearby100A sunburst amulet with a red stone at the center"
"Hourglass","PHB'14","150","none","adventuring gear","","","","","1 lb.","25 gp",""
"Hunting Trap","PHB'24","226","none","adventuring gear","","","","","25 lb.","5 gp","As a Utilize action, you can set a Hunting Trap, which is a sawtooth steel ring that snaps shut when a creature steps on a pressure plate in the center. The trap is affixed by a heavy chain to an immobile object, such as a tree or a spike driven into the ground. A creature that steps on the plate must succeed on a DC 13 Dexterity saving throw or take 1d4 Piercing damage and have its Speed reduced to 0 until the start of its next turn. Thereafter, until the creature breaks free of the trap, its movement is limited by the length of the chain (typically 3 feet). A creature can use its action to make a DC 13 Strength (Athletics) check, freeing itself or another creature within its reach on a success. Each failed check deals 1 Piercing damage to the trapped creature."
"Icewind Dale Trinket","IDRotF","263","none","adventuring gear","","","","","","","Icewind Dale Trinketsd100Trinket01-04A small wooden figurine of a yawning walrus, painted in red and black05-08A pair of scrimshaw cufflinks with an image of a fisherman on a boat engraved on them09-12A small iron key with a frayed blue and gold cord tied to it13-16A small illustrated book of Northlander myths that has pages missing17-20A damaged scrimshaw cameo depicting a merfolk21-24A stone from a burial cairn with a tiny Dwarvish rune carved into it25-28A ripped cloth sail with a symbol you don't recognize29-32An Ulu knife with a scrimshaw handle33-36A jar containing an unidentifiable, sweet, sticky substance37-40A delicate glass ball painted with snowflakes, capped by a metal loop with a tiny hook attached to it41-44An expedition log with missing pages and a pressed flower used as a bookmark45-48An owl figurine carved from whalebone49-52A sewing box that smells of old wood and has three spools of blue thread inside53-56A scrimshaw-handled ink pen with black runic designs along its length57-60A brooch made from a small insect encased in amber61-64A scrimshaw pepper shaker etched with the letter W65-68An old, wooden-handled ice pick stained with blood that won't wash off69-72A fabric doll bearing an angry expression73-76A set of wind chimes made from seashells77-80A beautiful silver tin that, when opened, emits the smell of rotting fish81-84A bloodstained dreamcatcher made from fishing line, gold wire, and snowy owlbear feathers85-88A figurine of a polar bear made of ice that never melts89-92A snow globe that doesn't need to be shaken93-96A piece of sea glass shaped like a unicorn's horn97-00A dark blue scarf that gets lighter in shade the higher the altitude of the wearer"
"Ink","PHB'24","226","none","adventuring gear","","","","","","10 gp","Ink comes in a 1-ounce bottle, which provides enough ink to write about 500 pages."
"Ink Pen","PHB'24","226","none","adventuring gear","","","","","","2 cp","Using Ink, an Ink Pen is used to write or draw."
"Insect Repellent (block of incense)","ToA","32","none","adventuring gear","","","","","","1 sp","Insect repellent can be purchased in Port Nyanzaru in two forms: blocks of incense or a greasy salve. The merchant prince Kwayothe controls the sale of both. Neither kind of repellent protects against giant insects or the vile swarms of insects described in appendix A of the Monster Manual.When lit, it burns for 8 hours and repels normal insects within a 20-foot-radius centered on it."
"Insect Repellent (greasy salve)","ToA","32","none","adventuring gear","","","","","","1 gp","Insect repellent can be purchased in Port Nyanzaru in two forms: blocks of incense or a greasy salve. The merchant prince Kwayothe controls the sale of both. Neither kind of repellent protects against giant insects or the vile swarms of insects described in appendix A of the Monster Manual.A gourd or vial of salve contains 20 applications of odorless grease. One application protects its wearer against normal insects for 24 hours. The salve is waterproof so it doesn't wash off in rain."
"Iron Pot","PHB'24","228","none","adventuring gear","","","","","10 lb.","2 gp","An Iron Pot holds up to 1 gallon."
"Iron Spike","PHB'24","228","none","adventuring gear","","","","","½ lb.","1 sp","Iron Spikes come in bundles of ten. As a Utilize action, you can use a blunt object, such as a Light Hammer, to hammer a spike into wood, earth, or a similar material. You can do so to jam a door shut or to then tie a Rope or Chain to the Spike."
"Iron Spikes","PHB'24","228","none","adventuring gear","","","","","5 lb.","1 gp","Iron Spikes come in bundles of ten. As a Utilize action, you can use a blunt object, such as a Light Hammer, to hammer a spike into wood, earth, or a similar material. You can do so to jam a door shut or to then tie a Rope or Chain to the Spike."
"Ivana's Whisper","VRGR","83","unknown","adventuring gear, poison (inhaled)","","","","","","","This poison bears a distinct scent and chemical message from Ivana Boritsi. A creature subjected to this poison must succeed on a DC 18 Constitution saving throw or experience the effects of a dream spell created by Ivana the next time they sleep. This poison is nonmagical, and Ivana doesn't directly communicate with those affected during the dream. Rather, she creates the illusion of speaking with her intended target by alchemically crafting her message, predicting her target's reactions, and chemically encoding in her responses. She wears this poison as a perfume or hides it within gift bouquets, allowing it to convey her message later."
"Jug","PHB'24","226","none","adventuring gear","","","","","4 lb.","2 cp","A Jug holds up to 1 gallon."
"Keg of Alchemist's Fire","LoX","35","none","adventuring gear","","","","","","","A keg of alchemist's fire lobbed at a creature or an object deals 21 (6d6) fire damage on a hit. Further, the target is set ablaze and takes the damage again every round (in the case of a creature, at the start of each of its turns) until the fire is put out. A creature within reach of the blaze can take an action to smother the flames using a blanket or carpet, reducing the fire damage by 2d6. Three such actions are needed to fully put out the fire."
"Khyber Trinket","ERLW","135","none","adventuring gear","","","","","","","Trinkets from Khyberd10Trinket1A pressed flower with vivid green petals; when you smell it, you hear eerie music2A tiny ball of putty; if you set it down, it begins to slowly crawl around3A perpetually warm disk of dark iron4A small journal with leathery pages; any words you write in it slowly disappear5A four-sided die carved with strange markings6A cameo with the silhouette of an unknown species7A preserved finger with purple flesh and four joints8A perfectly preserved eye; if you set it down, it rotates to follow your movement9A small box; when opened, you alone hear screaming10A preserved insect; you've never seen another like it"
"Ladder","PHB'24","226","none","adventuring gear","","","","","25 lb.","1 sp","A Ladder is 10 feet tall. You must climb to move up or down it."
"Lamp","PHB'24","226","none","adventuring gear","","","","","1 lb.","5 sp","A Lamp burns Oil as fuel to cast Bright Light in a 15-foot radius and Dim Light for an additional 30 feet."
"Lock","PHB'24","226","none","adventuring gear","","","","","1 lb.","10 gp","A Lock comes with a key. Without the key, a creature can use Thieves' Tools to pick this Lock with a successful DC 15 Dexterity (Sleight of Hand) check."
"Lolth's Sting","DMG'24","91","none","adventuring gear, poison (injury)","","","","","","200 gp","A creature subjected to Lolth's Sting must succeed on a DC 13 Constitution saving throw or have the Poisoned condition for 1 hour. If the creature fails the save by 5 or more, the creature also has the Unconscious condition while Poisoned in this way. The creature wakes up if it takes damage or if another creature takes an action to shake it awake."
"Lorehold Trinket","SCC","31","none","adventuring gear","","","","","","","When you make your character, you may roll once on the Lorehold Trinkets table, instead of on the Trinkets table in the Player's Handbook, for your starting trinket.Lorehold Trinketsd6Trinket1A map made of concentric circles that can be rotated around the page2A puzzle box bedecked with amber3A dented brass compass with a red needle4The head of a broken statue that houses the consciousness of a snarky sage5A sheet of parchment embossed with tactile lettering, glowing red6A broken dagger with a wavy blade and a serpentine hilt"
"Magnifying Glass","PHB'24","226","none","adventuring gear","","","","","","100 gp","A Magnifying Glass grants Advantage on any ability check made to appraise or inspect a highly detailed item. Lighting a fire with a Magnifying Glass requires light as bright as sunlight to focus, tinder to ignite, and about 5 minutes for the fire to ignite."
"Malice","DMG'24","91","none","adventuring gear, poison (inhaled)","","","","","","250 gp","A creature subjected to Malice must succeed on a DC 15 Constitution saving throw or have the Poisoned condition for 1 hour. The creature also has the Blinded condition while Poisoned in this way."
"Manacles","PHB'24","226","none","adventuring gear","","","","","6 lb.","2 gp","As a Utilize action, you can use Manacles to bind an unwilling Small or Medium creature within 5 feet of yourself that has the Grappled, Incapacitated, or Restrained condition if you succeed on a DC 13 Dexterity (Sleight of Hand) check. While bound, a creature has Disadvantage on attack rolls, and the creature is Restrained if the Manacles are attached to a chain or hook that is fixed in place. Escaping the Manacles requires a successful DC 20 Dexterity (Sleight of Hand) check as an action. Bursting them requires a successful DC 25 Strength (Athletics) check as an action.Each set of Manacles comes with a key. Without the key, a creature can use Thieves' Tools to pick the Manacles' lock with a successful DC 15 Dexterity (Sleight of Hand) check."
"Map","PHB'24","227","none","adventuring gear","","","","","","1 gp","If you consult an accurate Map, you gain a +5 bonus to Wisdom (Survival) checks you make to find your way in the place represented on it."
"Map or Scroll Case","PHB'24","224","none","adventuring gear","","","","","1 lb.","1 gp","A Map or Scroll Case holds up to 10 sheets of paper or 5 sheets of parchment."
"Menga leaves (1 ounce)","ToA","205","unknown","adventuring gear","","","","","1 oz.","2 gp","The dried leaves of a menga bush can be ground, dissolved in a liquid, heated, and ingested. A creature that ingests 1 ounce of menga leaves in this fashion regains 1 hit point. A creature that ingests more than 5 ounces of menga leaves in a 24-hour period gains no additional benefit and must succeed on a DC 11 Constitution saving throw or fall unconscious for 1 hour. The unconscious creature awakens if it takes at least 5 damage on one turn.A healthy menga bush usually has 2d6 ounces of leaves. Once picked, the leaves require 1 day to dry out before they can confer any benefit."
"Merchant's Scale","PHB'14","153","none","adventuring gear","","","","","3 lb.","5 gp","A scale includes a small balance, pans, and a suitable assortment of weights up to 2 pounds. With it, you can measure the exact weight of small objects, such as raw precious metals or trade goods, to help determine their worth."
"Mess Kit","PHB'14","152","none","adventuring gear","","","","","1 lb.","2 sp","This tin box contains a cup and simple cutlery. The box clamps together, and one side can be used as a cooking pan and the other as a plate or shallow bowl."
"Midnight Tears","DMG'24","91","none","adventuring gear, poison (ingested)","","","","","","1,500 gp","A creature that ingests Midnight Tears suffers no effect until the stroke of midnight. Any effect that ends the Poisoned condition neutralizes this poison. If the poison hasn't been neutralized before midnight, the creature makes a DC 17 Constitution saving throw, taking 31 (9d6) Poison damage on a failed save or half as much damage on a successful one."
"Miner's Pick","PHB'14","150","none","adventuring gear","","","","","10 lb.","2 gp",""
"Mirror","PHB'24","227","none","adventuring gear","","","","","½ lb.","5 gp","A handheld steel Mirror is useful for personal cosmetics but also for peeking around corners and reflecting light as a signal."
"Monster Hunter's Pack","VRGR","34","none","adventuring gear","","","","","48½ lb.","33 gp","Includes:a chesta crowbara hammerthree wooden stakesa holy symbola flask of holy watera set of manaclesa steel mirrora flask of oila tinderbox3 torches"
"Mournland Trinket","ERLW","222","none","adventuring gear","","","","","","","Mournland Trinketsd10Trinket1The favorite childhood toy of one of the adventurers, floating in midair2A tin whistle that makes beautiful colors and patterns magically appear when it's played3A toy lightning rail car4A glass eye5A silver lapel pin of a finely detailed gorgon's head with ruby eyes6A monocle that can be used as a telescope7A six-inch-tall mechanical marmoset in need of minor repairs8A small medallion made of silver, depicting a tower with an eye at the top of it and other smaller eyes embedded in the sides9A cloak pin made of iron in the shape of two hammers joined by a semicircular haft10A wooden dinosaur toy that has movable legs"
"Murgaxor's Elixir of Life","SCC","179","unknown","adventuring gear","","","","","","","Whoever drinks this concoction gains advantage on death saving throws for 24 hours."
"Narycrash","DSotDQ","188","none","adventuring gear","","","","","","","This backpack-sized device holds a balloon-based parachute. If you fall while wearing this device, you can use your reaction to deploy the parachute. Once deployed, the parachute rapidly inflates, and you descend 60 feet per round and take no damage from falling. When you are 10 feet away from the ground, roll a d20. If you roll a 5 or less, the parachute gives out, and you begin to fall normally."
"Needler Pistol","QftIS","192","none","adventuring gear","","","","","","","This strange pistol resembles a flask with a honeycomb of tubes sticking out its front. The weapon is powered by an energy cell stored at the base of the flask. Placing a full energy cell in the pistol gives the pistol 10 charges.As an action while holding this pistol, you can expend 1 of its charges to fire a burst of glowing, needlelike darts from the pistol in a 15-foot cone. Each creature in that area must make a DC 15 Dexterity saving throw, taking 8d4 piercing damage on a failed save or half as much damage on a successful one. Replacing the Energy Cell. While the pistol has charges remaining, its energy cell can't be removed. Once the pistol has 0 charges, you can replace the energy cell with a new cell by using an action or a bonus action."
"Net","PHB'24","227","none","adventuring gear","","","","","3 lb.","1 gp","When you take the Attack action, you can replace one of your attacks with throwing a Net. Target a creature you can see within 15 feet of yourself. The target must succeed on a Dexterity saving throw (DC 8 plus your Dexterity modifier and Proficiency Bonus) or have the Restrained condition until it escapes. The target succeeds automatically if it is Huge or larger.To escape, the target or a creature within 5 feet of it must take an action to make a DC 10 Strength (Athletics) check, freeing the Restrained creature on a success. Destroying the Net (AC 10; 5 HP; Immunity to Bludgeoning, Poison, and Psychic damage) also frees the target, ending the effect."
"Oil","PHB'24","227","none","adventuring gear","","","","","1 lb.","1 sp","You can douse a creature, object, or space with Oil or use it as fuel, as detailed below. Dousing a Creature or an Object. When you take the Attack action, you can replace one of your attacks with throwing an Oil flask. Target one creature or object within 20 feet of yourself. The target must succeed on a Dexterity saving throw (DC 8 plus your Dexterity modifier and Proficiency Bonus) or be covered in oil. If the target takes Fire damage before the oil dries (after 1 minute), the target takes an extra 5 Fire damage from burning oil. Dousing a Space. You can take the Utilize action to pour an Oil flask on level ground to cover a 5-foot-square area within 5 feet of yourself. If lit, the oil burns until the end of the turn 2 rounds from when the oil was lit (or 12 seconds) and deals 5 Fire damage to any creature that enters the area or ends its turn there. A creature can take this damage only once per turn. Fuel. Oil serves as fuel for Lamps and Lanterns. Once lit, a flask of Oil burns for 6 hours in a Lamp or Lantern. That duration doesn't need to be consecutive; you can extinguish the burning Oil (as a Utilize action) and rekindle it again until it has burned for a total of 6 hours."
"Oil of Taggit","DMG'24","91","none","adventuring gear, poison (contact)","","","","","","400 gp","A creature subjected to Oil of Taggit must succeed on a DC 13 Constitution saving throw or have the Poisoned condition for 24 hours. The creature also has the Unconscious condition while Poisoned in this way. It wakes up if it takes damage."
"Pale Tincture","DMG'24","91","none","adventuring gear, poison (ingested)","","","","","","250 gp","A creature subjected to Pale Tincture must succeed on a DC 16 Constitution saving throw or take 3 (1d6) Poison damage and have the Poisoned condition. The Poisoned creature repeats the save every 24 hours, taking 3 (1d6) Poison damage on a failed save. The damage the poison deals can't be healed by any means while the creature remains Poisoned. After seven successful saves against the poison, the creature is no longer Poisoned."
"Paper","PHB'24","227","none","adventuring gear","","","","","","2 sp","One sheet of Paper can hold about 250 handwritten words."
"Paralysis Pistol","QftIS","192","none","adventuring gear","","","","","","","This curious-looking pistol is shaped like a large, glass bulb with a handle on the bottom and brass prongs protruding from its front. The weapon is powered by an energy cell stored in its grip. Placing a full energy cell in the pistol gives the pistol 6 charges.As an action while holding this pistol, you can expend 1 of its charges to fire a ray of crackling energy at a creature you can see within 60 feet of yourself. The target must succeed on a DC 15 Constitution saving throw or have the paralyzed condition for 1 minute. At the end of each of the target's turns, it can repeat the saving throw, ending the effect on itself on a success. Replacing the Energy Cell. While the pistol has charges remaining, its energy cell can't be removed. Once the pistol has 0 charges, you can replace the energy cell with a new cell by using an action or a bonus action."
"Parchment","PHB'24","227","none","adventuring gear","","","","","","1 sp","One sheet of Parchment can hold about 250 handwritten words."
"Perfume","PHB'24","227","none","adventuring gear","","","","","","5 gp","Perfume comes in a 4-ounce vial. For 1 hour after applying Perfume to yourself, you have Advantage on Charisma (Persuasion) checks made to influence an Indifferent Humanoid within 5 feet of yourself."
"Pitcher","PHB'14","153","none","adventuring gear","","","","","4 lb.","2 cp","A pitcher holds 1 gallon of liquid."
"Piton","PHB'14","150","none","adventuring gear","","","","","¼ lb.","5 cp",""
"Planar Philosopher Trinket","SatO","8","none","adventuring gear","","","","","","","d6Trinket1Locket with a picture of my mentor and an inscription I can't read2Bleached cranium rat skull with colored glass beads in its eye sockets3Torn parchment with half a rebus painted on it4Bracelet of twisted razorvine stems5Fragment of a bronze blade covered in verdigris6Broken holy symbol of a forgotten god"
"Pole","PHB'24","228","none","adventuring gear","","","","","7 lb.","5 cp","A Pole is 10 feet long. You can use it to touch something up to 10 feet away. If you must make a Strength (Athletics) check as part of a High or Long Jump, you can use the Pole to vault, giving yourself Advantage on the check."
"Portable Ram","PHB'24","228","none","adventuring gear","","","","","35 lb.","4 gp","You can use a Portable Ram to break down doors. When doing so, you gain a +4 bonus to the Strength check. One other character can help you use the ram, giving you Advantage on this check."
"Pouch","PHB'24","228","none","adventuring gear","","","","","1 lb.","5 sp","A Pouch holds up to 6 pounds within one-fifth of a cubic foot."
"Priest's Pack","PHB'24","228","none","adventuring gear","","","","","29 lb.","33 gp","A Priest's Pack contains the following items: Backpack, Blanket, Holy Water, Lamp, 7 days of Rations, Robe, and Tinderbox."
"Prismari Trinket","SCC","32","none","adventuring gear","","","","","","","When you make your character, you may roll once on the Prismari Trinkets table, instead of on the Trinkets table in the Player's Handbook, for your starting trinket.Prismari Trinketsd6Trinket1A pair of rose-tinted glasses with glittery frames2A stoppered glass bottle that, when opened, plays a brassy orchestral piece3A quartet of hovering water motes in a vial4A bandolier of watercolor paints5A tiara capped with a crystal that crackles with harmless lightning6An iridescent quill"
"Purple Worm Poison","DMG'24","91","none","adventuring gear, poison (injury)","","","","","","2,000 gp","A creature subjected to Purple Worm Poison makes a DC 21 Constitution saving throw, taking 35 (10d6) Poison damage on a failed save or half as much damage on a successful one."
"Quandrix Trinket","SCC","33","none","adventuring gear","","","","","","","When you make your character, you may roll once on the Quandrix Trinkets table, instead of on the Trinkets table in the Player's Handbook, for your starting trinket.Quandrix Trinketsd6Trinket1A small succulent in a dodecahedral clay pot2A blue knit hat that looks a bit like a bottle folding in on itself3A model hypercube carved from green crystal, showcasing the fourth dimension4A crumpled test on the theory of gravity manipulation, with a failing grade on the front and the name of a famous Quandrix professor5A blue tetrahedron that, when tapped twice, projects a recording of an old mathematics lecture6A round bread roll cut so that someone could spread butter on both halves without ever lifting the knife"
"Quiver","PHB'24","228","none","adventuring gear","","","","","1 lb.","1 gp","A Quiver holds up to 20 Arrows."
"Rain Catcher","ToA","32","none","adventuring gear","","","","","5 lb.","1 gp","A rain catcher is a simple contraption consisting of a 5-foot-square leather tarp and a wooden frame with legs. When the tarp is stretched across the wooden frame, it forms a basin that can catch 2 gallons of drinking water per inch of rainfall and hold up to 8 gallons. The tarp and wooden frame fold up for easy transport."
"Rations","PHB'24","228","none","adventuring gear","","","","","2 lb.","5 sp","Rations consist of travel-ready food, including jerky, dried fruit, hardtack, and nuts. See ""Malnutrition"" for the risks of not eating."
"Robe","PHB'24","228","none","adventuring gear","","","","","4 lb.","1 gp","A Robe has vocational or ceremonial significance. Some events and locations admit only people wearing a Robe bearing certain colors or symbols."
"Robot Controller","QftIS","193","none","adventuring gear","","","","","","","This small handheld device features a glass pane with a glowing display that responds to your touch.The controller is powered by an energy cell stored in the device. Placing a full energy cell in the device gives the device 3 charges.As an action while holding this device, you can expend 1 of its charges to cause one of the following effects: Control. One Construct of your choice within 60 feet of you must succeed on a DC 15 Wisdom saving throw or have the charmed condition for 1 minute. While charmed in this way, the Construct obeys your verbal commands, and you and the Construct can communicate remotely with each other through the device. Whenever the charmed Construct takes damage, it can repeat the saving throw, ending the effect on itself on a success. Disrupt. Constructs of your choice within 30 feet of you must succeed on a DC 15 Wisdom saving throw or have the incapacitated condition for 1 minute. An incapacitated Construct can repeat the saving throw at the end of its turns, ending the effect on itself on a success. Replacing the Energy Cell. While the device has charges remaining, its energy cell can't be removed. Once the device has 0 charges, you can replace the energy cell with a new cell by using an action or a bonus action."
"Rope","PHB'24","228","none","adventuring gear","","","","","5 lb.","1 gp","As a Utilize action, you can tie a knot with Rope if you succeed on a DC 10 Dexterity (Sleight of Hand) check. The Rope can be burst with a successful DC 20 Strength (Athletics) check.You can bind an unwilling creature with the Rope only if the creature has the Grappled, Incapacitated, or Restrained condition. If the creature's legs are bound, the creature has the Restrained condition until it escapes. Escaping the Rope requires the creature to make a successful DC 15 Dexterity (Acrobatics) check as an action."
"Ryath Root","ToA","205","unknown","adventuring gear","","","","","","50 gp","Any creature that ingests a ryath root gains 2d4 temporary hit points. A creature that consumes more than one ryath root in a 24-hour period must succeed on a DC 13 Constitution saving throw or suffer the poisoned condition for 1 hour."
"Sack","PHB'24","228","none","adventuring gear","","","","","½ lb.","1 cp","A Sack holds up to 30 pounds within 1 cubic foot."
"Sarlona Trinket","ERLW","138","none","adventuring gear","","","","","","","Trinkets from Sarlonad8Trinket1A polished crystal sphere; when you clutch it in your fist, a telepathic voice recites a story in your mind2A teardrop pendant made from polished shell; when you hold it, you see the image of a young Riedran man3A six-sided crystal die; when you roll it, you feel a surge of emotion for six seconds4A sealed vial filled with faintly luminescent blue mist5A crystal disk engraved with a labyrinthine pattern6A leather-bound collection of kalashtar poetry called Shards of the Light7A sphere of polished crystal; when you hold it in your palm, you feel that it knows you and understands you8A cup and ball toy; when you successfully catch the ball in the cup, you feel a momentary surge of joy"
"Scholar's Pack","PHB'24","228","none","adventuring gear","","","","","22 lb.","40 gp","A Scholar's Pack contains the following items: Backpack, Book, Ink, Ink Pen, Lamp, 10 flasks of Oil, 10 sheets of Parchment, and Tinderbox."
"Sealing Wax","PHB'14","150","none","adventuring gear","","","","","","5 sp",""
"Secondhand Steal Trinket","BMT","108","none","adventuring gear","","","","","","","Secondhand Stealsd8Secondhand Steal1A pair of small, rose-tinted glasses with round lenses2A droopy potted plant in an old boot3A rusty metal goblet shaped like a frog opening its mouth to the sky4A wide-brimmed, palm-frond sunhat that has been chewed on5A utensil shaped like a fork on one end and a spoon on the other6A thick, sun-yellowed book on seasonal agriculture written in Halfling7A well-used squeaky toy in the shape of a garden gnome with a red hat8A glass statuette of a rust monster"
"Serpent Venom","DMG'24","91","none","adventuring gear, poison (injury)","","","","","","200 gp","A creature subjected to Serpent Venom must succeed on a DC 11 Constitution saving throw, taking 10 (3d6) Poison damage on a failed save or half as much damage on a successful one."
"Shovel","PHB'24","228","none","adventuring gear","","","","","5 lb.","2 gp","Working for 1 hour, you can use a Shovel to dig a hole that is 5 feet on each side in soil or similar material."
"Signal Whistle","PHB'24","228","none","adventuring gear","","","","","","5 cp","When blown as a Utilize action, a Signal Whistle produces a sound that can be heard up to 600 feet away."
"Signet Ring","PHB'14","150","none","adventuring gear","","","","","","5 gp",""
"Silk Rope (50 feet)","PHB'14","153","none","adventuring gear","","","","","5 lb.","10 gp","Rope, whether made of hemp or silk, has 2 hit points and can be burst with a DC 17 Strength check."
"Silverquill Trinket","SCC","35","none","adventuring gear","","","","","","","When you make your character, you may roll once on the Silverquill Trinkets table, instead of on the Trinkets table in the Player's Handbook, for your starting trinket.Silverquill Trinketsd6Trinket1A black leather notebook filled with half-finished poems2A set of flashcards detailing different colloquialisms and their meanings3A canteen that makes any liquid drunk from it taste sweet4A forged permission slip granting access to the special archives of Strixhaven's libraries5A stylish silver pin that references a famous series of novels about warlocks6A stack of small pieces of parchment, each enchanted to stick to whatever surface it's pressed against and peel off easily"
"Sinda berries (10)","ToA","205","unknown","adventuring gear","","","","","","5 gp","These berries are dark brown and bitter. A full-grown sinda berry bush has 4d6 berries growing on it. A bush plucked of all its berries grows new berries in 1d4 months. Picked berries lose their freshness and efficacy after 24 hours.Fresh sinda berries can be eaten raw or crushed and added to a drink to dull the bitterness. A creature that consumes at least ten fresh sinda berries gains advantage on saving throws against disease and poison for the next 24 hours."
"Sledgehammer","PHB'14","150","none","adventuring gear","","","","","10 lb.","2 gp",""
"Snowshoes","IDRotF","20","none","adventuring gear","","","","","4 lb.","2 gp","Snowshoes reduce the likelihood of their wearer getting stuck in the deep snow."
"Soap","PHB'14","150","none","adventuring gear","","","","","","2 cp",""
"Spaceship Trinket","QftIS","161","none","adventuring gear","","","","","","","The Spaceship Trinkets table below offers a selection of trinkets appropriate for adventures with sci-fi themes. The adventure includes encounters that ask you to roll on the table to determine what random trinkets the characters find in certain locations on the spaceship. None of the trinkets requires an energy cell.Spaceship Trinketsd100Trinket01-02Disembodied robot arm with a mind of its own03-04Wearable blanket with sleeves and a hood05-06Small, rectangular device that can record and play back audio of up to 1 minute in length07-08Glow-in-the-dark ink pen09-10Fashionable jumpsuit11-12Compact scanner that reports whether an object is recyclable in a cheery tone13-14Wristwatch programmed to beep at a specific time15-16Handheld cylinder that produces a 15-foot cone of bright light for up to 1 hour every 24 hours17-18Colorful toy ray gun with lights and sounds19-20Bottle of fizzy, sweet-tasting liquid21-22Map of an unexplored star system23-24Motorized toothbrush that might have been used25-26Tiny robot that shines boots and shoes27-28Pressurized red canister with a flexible hose that, when squeezed as an action, sprays a 15-foot cone of foam. The foam extinguishes all nonmagical flames in the cone. The canister can perform this action only once.29-30Loaf of space bread covered in blue-green mold31-32Handheld screen that plays a children's story about a friendly, three-eyed frog named Swampy33-34Compact device that displays the current weather35-36Empty metal bottle that maintains the temperature of liquids stored in it for 1d4 hours37-38Tiny disc that emits a high-pitched noise in the presence of smoke or mild cooking fumes39-40Aerosolized can of metal polish41-42Identification badge of a deceased crew member43-44Depleted energy cell45-46Pocket-sized instrument that clicks rapidly within 10 feet of radiation (see the ""Spaceship Features"" section later in this adventure)47-48Vacuum-sealed package of shriveled frankfurters49-50Tin hat that telepathically broadcasts the wearer's surface thoughts to creatures within 10 feet of it51-52Chalky moon rock53-54Collar that, when placed on a Medium or smaller Beast, translates its cries into Common55-56Bottle of expired medicine for treating dizziness57-58Tiny speaker that plays a catchy tune in an unknown language59-60Handheld tool for removing bolts and screws61-62Cautionary pamphlet about the dangers of space63-64Miniature flying saucer65-66Tiny, animatronic bunny that hops after the creature that activates it67-68Stick of deodorant with a surprising scent69-70Countertop appliance that can transform any fruit into a pulpy juice71-72Glass pendant filled with stardust73-74Pot containing an artificially dwarfed tree75-76Otherworldly insect preserved in amber77-78Syringe filled with a viscous, yellow serum79-80Tiny brass orrery81-82Log of passenger names83-84Gas mask with a hole in it85-86Small glass terrarium with an empty cocoon87-88Dongle that never plugs in correctly on the first try89-90Holster fashioned from an unknown reptile's hide91-92Severed bundle of important-looking wires93-94Prosthetic limb with magnetic attachments95-96Set of polyhedral dice that buzz and flash when they land on their highest result97-98Musical instrument that plays electronic tones99-00Trading card of a beloved fictional hero from a far-off world"
"Spellbook","PHB'14","153","none","adventuring gear","","","","","3 lb.","50 gp","Essential for wizards, a spellbook is a leather-bound tome with 100 blank vellum pages suitable for recording spells."
"Spyglass","PHB'24","229","none","adventuring gear","","","","","1 lb.","1,000 gp","Objects viewed through a Spyglass are magnified to twice their size."
"String","PHB'24","229","none","adventuring gear","","","","","","1 sp","String is 10 feet long. You can tie a knot in it as a Utilize action."
"Tankard","PHB'14","153","none","adventuring gear","","","","","1 lb.","2 cp","A tankard holds 1 pint of liquid."
"Tent","PHB'24","229","none","adventuring gear","","","","","20 lb.","2 gp","A Tent sleeps up to two Small or Medium creatures."
"The Incantations of Iriolarthas","IDRotF","317","unknown","adventuring gear","","","","","3 lb.","","The Incantations of Iriolarthas is a weighty spellbook. Its black leather covers have dead, toothy worms glued to them, sheathed in glossy varnish. Set into this morbid display on the front cover is a gold rune that resembles a stylized eye with a pupil shaped like a candle flame—the sigil of Iriolarthas, a Netherese lich.The book contains sixty pages of brittle yellow vellum. Written on these pages are the following wizard spells:1st level: alarm, detect magic, identify, magic missile, shield, Tasha's hideous laughter, thunderwave2nd level: arcane lock, continual flame, invisibility, knock, levitate, Melf's acid arrow, mirror image3rd level: animate dead, bestow curse, clairvoyance, counterspell, dispel magic, fireball, glyph of warding4th level: arcane eye, banishment, blight, dimension door, Evard's black tentacles, phantasmal killer5th level: Bigby's hand, cloudkill, dominate person, planar binding, scrying, telekinesis6th level: create undead, disintegrate, globe of invulnerability, move earth, Otto's irresistible dance7th level: create magen, finger of death, prismatic spray, teleport8th level: demiplane, dominate monster, mind blank, power word stun9th level: blade of disaster, power word kill"
"Tinderbox","PHB'24","229","none","adventuring gear","","","","","1 lb.","5 sp","A Tinderbox is a small container holding flint, fire steel, and tinder (usually dry cloth soaked in light oil) used to kindle a fire. Using it to light a Candle, Lamp, Lantern, or Torch—or anything else with exposed fuel—takes a Bonus Action. Lighting any other fire takes 1 minute."
"Tome of Strahd","CoS","221","none","adventuring gear","","","","","5 lb.","","The Tome of Strahd is an ancient work penned by Strahd, a tragic tale of how he came to his fallen state. The book is bound in a thick leather cover with steel hinges and fastenings. The pages are of parchment and very brittle. Most of the book is written in the curious shorthand that only Strahd employs. Stains and age have made most of the work illegible, but several paragraphs remain intact."
"Torch","PHB'24","229","none","adventuring gear","","","","","1 lb.","1 cp","A Torch burns for 1 hour, casting Bright Light in a 20-foot radius and Dim Light for an additional 20 feet. When you take the Attack action, you can attack with the Torch, using it as a Simple Melee weapon. On a hit, the target takes 1 Fire damage."
"Torpor","DMG'24","91","none","adventuring gear, poison (ingested)","","","","","","600 gp","A creature subjected to Torpor poison must succeed on a DC 15 Constitution saving throw or have the Poisoned condition for 4d6 hours. The creature's Speed is halved while the creature is Poisoned in this way."
"Traveler's Clothes","PHB'24","225","none","adventuring gear","","","","","4 lb.","2 gp","Traveler's Clothes are resilient garments designed for travel in various environments."
"Trinket","PHB'24","47","none","adventuring gear","","","","","","","When you make your character, you can roll once on the Trinkets table to gain a Tiny trinket, a simple item lightly touched by mystery. The DM might also use this table. It can help stock a room in a dungeon or fill a creature's pockets.Trinkets1d100Trinket01A mummified goblin hand02A crystal that faintly glows in moonlight03A gold coin minted in an unknown land04A diary written in a language you don't know05A brass ring that never tarnishes06An old chess piece made from glass07A pair of knucklebone dice, each with a skull symbol on the side that would normally show six pips08A small idol depicting a nightmarish creature that gives you unsettling dreams when you sleep near it09A lock of someone's hair10The deed for a parcel of land in a realm unknown to you11A 1-ounce block made from an unknown material12A small cloth doll skewered with needles13A tooth from an unknown beast14An enormous scale, perhaps from a dragon15A bright-green feather16An old divination card bearing your likeness17A glass orb filled with moving smoke18A 1-pound egg with a bright-red shell19A pipe that blows bubbles20A glass jar containing a bit of flesh floating in pickling fluid21A gnome-crafted music box that plays a song you dimly remember from your childhood22A wooden statuette of a smug halfling23A brass orb etched with strange runes24A multicolored stone disk25A silver icon of a raven26A bag containing forty-seven teeth, one of which is rotten27A shard of obsidian that always feels warm to the touch28A dragon's talon strung on a leather necklace29A pair of old socks30A blank book whose pages refuse to hold ink, chalk, graphite, or any other marking31A silver badge that is a five-pointed star32A knife that belonged to a relative33A glass vial filled with nail clippings34A rectangular metal device with two tiny metal cups on one end that throws sparks when wet35A white, sequined glove sized for a human36A vest with one hundred tiny pockets37A weightless stone38A sketch of a goblin39An empty glass vial that smells of perfume40A gemstone that looks like a lump of coal when examined by anyone but you41A scrap of cloth from an old banner42A rank insignia from a lost legionnaire43A silver bell without a clapper44A mechanical canary inside a lamp45A miniature chest carved to look like it has numerous feet on the bottom46A dead sprite inside a clear glass bottle47A metal can that has no opening but sounds as if it is filled with liquid, sand, spiders, or broken glass (your choice)48A glass orb filled with water, in which swims a clockwork goldfish49A silver spoon with an M engraved on the handle50A whistle made from gold-colored wood51A dead scarab beetle the size of your hand52Two toy soldiers, one missing a head53A small box filled with different-sized buttons54A candle that can't be lit55A miniature cage with no door56An old key57An indecipherable treasure map58A hilt from a broken sword59A rabbit's foot60A glass eye61A cameo of a hideous person62A silver skull the size of a coin63An alabaster mask64A cone of sticky black incense that stinks65A nightcap that gives you pleasant dreams when you wear it66A single caltrop made from bone67A gold monocle frame without the lens68A 1-inch cube, each side a different color69A crystal doorknob70A packet filled with pink dust71A fragment of a beautiful song, written as musical notes on two pieces of parchment72A silver teardrop earring containing a real teardrop73An eggshell painted with scenes of misery in disturbing detail74A fan that, when unfolded, shows a sleepy cat75A set of bone pipes76A four-leaf clover pressed inside a book discussing manners and etiquette77A sheet of parchment upon which is drawn a mechanical contraption78An ornate scabbard that fits no blade you have found79An invitation to a party where a murder happened80A bronze pentacle with an etching of a rat's head in its center81A purple handkerchief embroidered with the name of an archmage82Half a floor plan for a temple, a castle, or another structure83A bit of folded cloth that, when unfolded, turns into a stylish cap84A receipt of deposit at a bank in a far-off city85A diary with seven missing pages86An empty silver snuffbox bearing the inscription ""dreams"" on its lid87An iron holy symbol devoted to an unknown god88A book about a legendary hero's rise and fall, with the last chapter missing89A vial of dragon blood90An ancient arrow of elven design91A needle that never bends92An ornate brooch of dwarven design93An empty wine bottle bearing a pretty label that says, ""The Wizard of Wines Winery, Red Dragon Crush, 331422-W""94A mosaic tile with a multicolored, glazed surface95A petrified mouse96A black pirate flag adorned with a dragon's skull and crossbones97A tiny mechanical crab or spider that moves about when it's not being observed98A glass jar containing lard with a label that reads, ""Griffon Grease""99A wooden box with a ceramic bottom that holds a living worm with a head on each end of its body00A metal urn containing the ashes of a hero"
"Truth Serum","DMG'24","91","none","adventuring gear, poison (ingested)","","","","","","150 gp","A creature subjected to Truth Serum must succeed on a DC 11 Constitution saving throw or have the Poisoned condition for 1 hour. The Poisoned creature can't knowingly communicate a lie."
"Vial","PHB'24","229","none","adventuring gear","","","","","","1 gp","A Vial holds up to 4 ounces."
"Waterskin","PHB'24","229","none","adventuring gear","","","","","5 lb. (full)","2 sp","A Waterskin holds up to 4 pints. If you don't drink sufficient water, you risk dehydration."
"Whetstone","PHB'14","150","none","adventuring gear","","","","","1 lb.","1 cp",""
"White Ghost Orchid Seed","JttRC","212","none","adventuring gear","","","","","","","More rarely, the orchids produce a smaller pod holding a single white seed. Among its various magical properties, if a white seed is ground and scattered over a dead body, the body is affected by the resurrection spell. A white ghost orchid seed has no effect if consumed."
"Wildroot","ToA","205","unknown","adventuring gear","","","","","","25 gp","Introducing the juice of a wildroot into a poisoned creature's bloodstream (for example, by rubbing it on an open wound) rids the creature of the poisoned condition. Once used in this way, a wildroot loses this property."
"Witherbloom Trinket","SCC","36","none","adventuring gear","","","","","","","When you make your character, you may roll once on the Witherbloom Trinkets table, instead of on the Trinkets table in the Player's Handbook, for your starting trinket.Witherbloom Trinketsd6Trinket1A black bird-shaped mask, trimmed with glowing green thread2A set of rabbit bones3A pair of thick knee-high waders, stained with muck and moss4A slimy green tentacle, which occasionally wriggles5A notebook containing waterproof paper6A necklace of five small vials, each filled with luminescent white liquid"
"Wukka Nut","ToA","205","unknown","adventuring gear","","","","","","1 gp","These fist-sized nuts grow on wukka trees, which are popular haunts for jaculi, su-monsters, and zorbos. A wukka nut rattles when shaken, causing its shell to shed bright light in a 10-foot radius and dim light for an additional 10 feet. This magical light fades after 1 minute, but shaking the nut again causes the light to reappear. If the shell of the nut is cracked open, it loses its magic."
"Wyvern Poison","DMG'24","91","none","adventuring gear, poison (injury)","","","","","","1,200 gp","A creature subjected to Wyvern Poison makes a DC 14 Constitution saving throw, taking 24 (7d6) Poison damage on a failed save or half as much damage on a successful one."
"Xen'drik Trinket","ERLW","140","none","adventuring gear","","","","","","","Trinkets from Xen'drikd8Trinket1A punched ticket for a voyage from Sharn to Stormreach2A scorpion's barb engraved with a single Elvish letter3A copper coin so big you could use it as a dinner plate4An image of an elf warrior engraved on a giant's tooth5A single page from a giant wizard's spellbook, bearing an incomplete spell6A scrap of parchment, part of a map of Stormreach7A small book titled Feersome Beests of Zendrik8A scrimshaw carving of a sahuagin"
"Yahcha","ToA","205","none","adventuring gear","","","","","","1 gp","A yahcha (pronounced YAH-chah) is a harmless, meaty beetle about the size of a human hand, which feeds on worms and maggots. It moves slowly (walking speed 10 feet) and is easy to catch. A creature with blue mist fever that eats a raw or cooked yahcha can immediately make a saving throw with advantage against that disease (see ""Diseases,"" page 40),"
"Zabou","ToA","205","none","adventuring gear","","","","","","10 gp","Zabou mushrooms feed on offal and the rotting wood of dead trees. If handled carefully, a zabou can be picked or uprooted without causing it to release its spores. If crushed or struck, a zabou releases its spores in a 10-foot-radius sphere. A zabou can also be hurled up to 30 feet away or dropped like a grenade, releasing its cloud of spores on impact. Any creature in that area must succeed on a DC 10 Constitution saving throw or be poisoned for 1 minute. The poisoned creature's skin itches for the duration. The creature can repeat the saving throw at the end of each of its turns, ending the effect on itself on a success."